name,college,event
Vishnu,Adhiparasakthi Engineering College,PaperQuest
Pavithran,Adhiparasakthi Engineering College,PaperQuest
Sathya,Adhiparasakthi Engineering College,PaperQuest
Jupalli,Adhiparasakthi Engineering College,AI FilmForge
Sachin,Adhiparasakthi Engineering College,AI FilmForge
Gokul,Adhiparasakthi Engineering College,AI FilmForge
Vijay,Adhiparasakthi Engineering College,Checkmate
Vishnu,Adhiparasakthi Engineering College,Checkmate
Sathya,Adhiparasakthi Engineering College,Mine Relay
Sachin,Adhiparasakthi Engineering College,Mine Relay
